exchange,symbol,instrument_token
NSE,ARROWGREEN-BE,2371585
NSE,MAJESCO,2639361
NSE,DHFL-NV,861953
NSE,ISFT,4730625
NSE,URJA,5171969
NSE,PIGL-SM,700929
NSE,EUROCERA-BE,3684353
NSE,INDBANK,4334849
NSE,NIFTY50 TR 1X INV,259593
NSE,NIFTY50 TR 1X INV,259593
NSE,NIFTY MIDCAP 50,260873
NSE,NIFTY MIDCAP 50,260873
NSE,NIFTY JUNIOR,260361
NSE,NIFTY JUNIOR,260361
NSE,CPSE INDEX,258313
NSE,CPSE INDEX,258313
NSE,NIFTY50 TR 2X LEV,259337
NSE,NIFTY50 TR 2X LEV,259337
NSE,NIFTY 200,264457
NSE,NIFTY 200,264457
NSE,NIFTY FIN SERVICE,257801
NSE,NIFTY FIN SERVICE,257801
NSE,NIFTY MEDIA,263945
NSE,NIFTY MEDIA,263945
NSE,NV20,265481
NSE,NV20,265481
NSE,NIFTY REALTY,261129
NSE,NIFTY REALTY,261129
NSE,LIX 15,258057
NSE,LIX 15,258057
NSE,HANGSENG BEES-NAV,264713
NSE,HANGSENG BEES-NAV,264713
NSE,NIFTY50 PR 1X INV,259081
NSE,NIFTY50 PR 1X INV,259081
NSE,NIFTY PHARMA,262409
NSE,NIFTY PHARMA,262409
NSE,NIFTY SERV SECTOR,263177
NSE,NIFTY SERV SECTOR,263177
NSE,NIFTY SMALL 100,264201
NSE,NIFTY SMALL 100,264201
NSE,NIFTY50 PR 2X LEV,258825
NSE,NIFTY50 PR 2X LEV,258825
NSE,NIFTY PSE,262665
NSE,NIFTY PSE,262665
NSE,NIFTY50 DIV POINT,265225
NSE,NIFTY50 DIV POINT,265225
NSE,NIFTY CONSUMPTION,257545
NSE,NIFTY CONSUMPTION,257545
NSE,NIFTY 50,256265
NSE,NIFTY 50,256265
NSE,NIFTY ENERGY,261641
NSE,NIFTY ENERGY,261641
NSE,NIFTY BANK,260105
NSE,NIFTY BANK,260105
NSE,NIFTY MNC,262153
NSE,NIFTY MNC,262153
NSE,NIFTY AUTO,263433
NSE,NIFTY AUTO,263433
NSE,NIFTY PSU BANK,262921
NSE,NIFTY PSU BANK,262921
NSE,INDIA VIX,264969
NSE,INDIA VIX,264969
NSE,NIFTY METAL,263689
NSE,NIFTY METAL,263689
NSE,NIFTY DIV OPPS 50,257033
NSE,NIFTY DIV OPPS 50,257033
NSE,NI15,258569
NSE,NI15,258569
NSE,NIFTY IT,259849
NSE,NIFTY IT,259849
NSE,NIFTY COMMODITIES,257289
NSE,NIFTY COMMODITIES,257289
NSE,NIFTY INFRA,261385
NSE,NIFTY INFRA,261385
NSE,NIFTY MIDCAP 100,256777
NSE,NIFTY MIDCAP 100,256777
NSE,NIFTY 100,260617
NSE,NIFTY 100,260617
NSE,NIFTY FMCG,261897
NSE,NIFTY FMCG,261897
NSE,ARCHIDPLY,4299521
NSE,ALPA,3801089
NSE,AKASH-SM,5081345
NSE,AHLADA-SM,1243905
NSE,AGRITECH,2834433
NSE,ABGSHIP-BZ,5004801
NSE,VADILALIND,6194177
NSE,JBFIND,442625
NSE,RADICO,2813441
NSE,GANGESSECU,5478145
NSE,AMDIND,3685889
NSE,AMBUJACEM,325121
NSE,759GS2026-GS,1827585
NSE,74GS2035-GS,1759745
NSE,20MICRONS,4331777
NSE,116GS2020-GS,1744385
NSE,107GS2020-GS,1744129
NSE,737GS2023-GS,1846785
NSE,63MOONS,3038209
NSE,735GS2024-GS,1775617
NSE,AMBIKCO,3899905
NSE,ACC,5633
NSE,833GS2032-GS,1772033
NSE,833GS2026-GS,1796865
NSE,ABSLNN50ET,1878785
NSE,A2ZINFRA,5351937
NSE,ABNINT-IT,2198529
NSE,AMBER,303361
NSE,AHLWEST,4957697
NSE,ADLABS,1964033
NSE,AHLUCONT,4565249
NSE,AMBANIORG-SM,1045249
NSE,ALANKIT,2539777
NSE,AMARAJABAT,25601
NSE,GANGAFORGE-SM,1012481
NSE,COMPINFO,4513793
NSE,BEARDSELL,4590849
NSE,ACCURACY-SM,931585
NSE,ATLANTA,3477761
NSE,ARIHANTSUP,5160705
NSE,APCL,5235969
NSE,ARIHANT,3554561
NSE,ATFL,425729
NSE,ASHIANA,6247169
NSE,ASTRON,223745
NSE,BDR-IT,1099265
NSE,BAJAJHLDNG,78081
NSE,AVG-SM,670977
NSE,BDL,548865
NSE,BANKA-SM,390657
NSE,BCONCEPTS-SM,256513
NSE,COLPAL,3876097
NSE,78GS2021-GS,1791489
NSE,828GS2027-GS,1771777
NSE,86GS2028-GS,1814529
NSE,ABBOTINDIA,4583169
NSE,ADANIENT,6401
NSE,AEGISCHEM,10241
NSE,AIONJSW,1195777
NSE,ALLSEC,3020289
NSE,ANDHRACEMT,5227265
NSE,APOLLOHOSP,40193
NSE,ASIANTILES,3811585
NSE,ATULAUTO,7685889
NSE,BAJAJELEC,3848705
NSE,BAYERCROP,4589313
NSE,BETA-SM,20737
NSE,BHARATWIRE,4127489
NSE,BKMINDST,1906177
NSE,BOSCHLTD,558337
NSE,BSLNIFTY,6343937
NSE,CAPTRUST-BE,4979457
NSE,CEATLTD,3905025
NSE,CONSOFINVT,3003137
NSE,CRISIL,193793
NSE,CYBERMEDIA,3031553
NSE,DEEPAKNTR,5105409
NSE,DHANBANK,2907905
NSE,DHFL-NE,4686849
NSE,DHFL-NZ,866049
NSE,DYNPRO,5456385
NSE,ECLFINANCE-NB,1816321
NSE,ECLFINANCE-NQ,2040833
NSE,EICHERMOT,232961
NSE,ERFLNCDI-N6,577025
NSE,FELIX-SM,146689
NSE,GALAXYSURF,336641
NSE,GEMINI-BZ,1171201
NSE,GIPCL,293121
NSE,GLOBUSSPR,4460545
NSE,GRAVITA,5256705
NSE,GSS,3928833
NSE,HIL,372481
NSE,HINDZINC,364545
NSE,HOTELRUGBY-BE,2653697
NSE,HUDCO-ND,5111809
NSE,IBUCCREDIT-NA,1261057
NSE,IBULHSGFIN-NB,4769281
NSE,ICICI0101-NB,2488833
NSE,ICICINXT50,1159425
NSE,IDFCBANK-N5,2765313
NSE,IIFCL-N2,5133825
NSE,INDIACEM,387841
NSE,INDOTHAI,6555649
NSE,INFRABEES,5138433
NSE,IRFC-N3,7506177
NSE,IRFC-NI,3008257
NSE,IVC,1718017
NSE,JAINSTUDIO-BE,2125569
NSE,JINDALPOLY,449537
NSE,JKTYRE,3695361
NSE,JSWSTEEL,3001089
NSE,KAKATCEM,463617
NSE,KIRLOSBROS,4756737
NSE,KSB,498945
NSE,LAKPRE-BZ,1222145
NSE,LGBBROSLTD,4690177
NSE,LOVABLE,5738241
NSE,MANAPPURAM-NK,1457921
NSE,MARICO,1041153
NSE,MAZDA,4829697
NSE,METKORE-BE,4292353
NSE,MITCON-SM,8054017
NSE,MONTECARLO,1520129
NSE,MRO-IT,1313281
NSE,NAHARCAP,3932161
NSE,NBVENTURES,1027585
NSE,NEWGEN,297985
NSE,NHAI-N7,3058945
NSE,NHPC,4454401
NSE,NIFTYEES,2319105
NSE,NOIDATOLL,2761217
NSE,NTPC-N6,8132609
NSE,ORIENTALTL,3672577
NSE,PAGEIND,3689729
NSE,PATELENG,2994945
NSE,PENINLAND,577537
NSE,PGEL,6491649
NSE,PITTIENG,3618305
NSE,PRECOT,694017
NSE,RAJRAYON-BZ,1879297
NSE,RANEHOLDIN,728065
NSE,RECLTD-N6,7931905
NSE,RELCNX100,7571713
NSE,REVATHI,3062017
NSE,RKEC-SM,5602817
NSE,ROLTA,747009
NSE,SAKSOFT,3019265
NSE,SANGHVIMOV,3598849
NSE,SBIN-N2,5253121
NSE,SEPOWER,6989569
NSE,SGBJAN26-GB,241921
NSE,SGBOCT25IV-GB,77825
NSE,SHARDAMOTR,2695681
NSE,SILLYMONKS-SM,273153
NSE,SKML-SM,5569537
NSE,SOMATEX,1075457
NSE,SPARC,3785729
NSE,SREIBNPNCD-NH,4993025
NSE,SREIBNPNCD-NR,5510913
NSE,SREINFRA-NW,4791041
NSE,SREINFRA-YB,5135361
NSE,SRTRANSFIN-YL,256257
NSE,STAR,1887745
NSE,SUMEETINDS,5322241
NSE,SUNTV,3431425
NSE,SWANENERGY,6936321
NSE,TANTIACONS-BE,3916033
NSE,TATAPOWER,877057
NSE,TCFSL-NA,1284353
NSE,TFCILTD,887297
NSE,TIJARIA,6523393
NSE,TODAYS-BZ,617985
NSE,TRENT,502785
NSE,UCOBANK,2873089
NSE,UNIENTER,2891009
NSE,UTINIFTETF,2690817
NSE,VARDMNPOLY,933377
NSE,VINYLINDIA,4306177
NSE,VOLTAS,951809
NSE,WELINV,5068801
NSE,WOCKPHARMA,1921537
NSE,ZODIACLOTH,978177
NSE,BIRLACABLE,122113
NSE,BHANDARI,5006337
NSE,BIOFILCHEM-BE,2023169
NSE,BSELINFRA,2469633
NSE,ZEEMEDIA,3584769
NSE,WELSPUNIND,2880769
NSE,WANBURY-BE,3601153
NSE,VINDHYATEL,945665
NSE,VIJAYABANK,2426625
NSE,BLUEDART-N3,1437953
NSE,UCL-SM,1078273
NSE,TTKPRESTIG,907777
NSE,TORNTPHARM,900609
NSE,TIRUPATIFL-SM,17921
NSE,TEXRAIL,5587969
NSE,TECHIN-BE,6449665
NSE,TCFSL-NE,1294337
NSE,TATAMTRDVR,4343041
NSE,SUTLEJTEX,3533057
NSE,SUPREMEENG-SM,1181953
NSE,SUNCLAYLTD,7426049
NSE,STEELXIND,5462785
NSE,SRTRANSFIN-YM,452865
NSE,SRSLTD-BZ,1229313
NSE,SREINFRA-Y1,4793089
NSE,SREIBNPNCD-NG,4992513
NSE,SREEL,8150273
NSE,SOUTHWEST-SM,370433
NSE,SIRCA-SM,818689
NSE,SICAGEN,4320001
NSE,SHREEPUSHK,2710529
NSE,SHARIABEES,4363265
NSE,SGBNOV26-GB,1626881
NSE,SETFNIFBK,1884417
NSE,SCHNEIDER,7995905
NSE,SATIN,2675969
NSE,SANDESH,764929
NSE,SADBHAV,3388417
NSE,RSSOFTWARE,1645825
NSE,RMCL,3863809
NSE,RELAXO,6201601
NSE,RECLTD-NE,752897
NSE,RCOM,3375873
NSE,RAMGOPOLY-BE,2573569
NSE,RADIOCITY,5088513
NSE,PROZONINTU,7387905
NSE,PRECAM,3226369
NSE,PONNIERODE,2729217
NSE,PILITA-BE,7894529
NSE,PETRONENGG,1002241
NSE,PATSPINLTD,662785
NSE,PANSARI-SM,4806657
NSE,ORIENTLTD,4661249
NSE,ONEPOINT-SM,210945
NSE,OBEROIRLTY,5181953
NSE,NTPC-N1,8130049
NSE,NILKAMAL,619777
NSE,NHBTF2023-N2,449025
NSE,NHAI-NB,3711233
NSE,NBIFIN,4892417
NSE,NAGREEKCAP,3825153
NSE,MUKANDLTD-P1,2900225
NSE,MOTOGENFIN,580609
NSE,MITTAL-SM,608513
NSE,MEP,2245377
NSE,MBAPL-SM,4725761
NSE,MARATHON,4776705
NSE,MANAPPURAM-NJ,1462529
NSE,MADHAV,3878657
NSE,M&MFIN-N1,5131777
NSE,LAGNAM-SM,1202177
NSE,L&TFH,6386689
NSE,KRISHANA-SM,5043457
NSE,KOPRAN,491265
NSE,KILITCH,5103873
NSE,KALPATPOWR,464385
NSE,JTEKTINDIA,828673
NSE,JKLAKSHMI,3453697
NSE,JALAN-SM,5357825
NSE,ITI,428801
NSE,IRFC-NK,3009793
NSE,IRFC-N1,7968257
NSE,INNOVANA-SM,170497
NSE,IIHFL-N3,610305
NSE,IFCI-NG,1473281
NSE,IDFCBANK-NA,2769153
NSE,IDFCBANK,2863105
NSE,ICICI1298-NB,1522177
NSE,ICICI0699-NA,1677057
NSE,ICICI0101-N9,2488321
NSE,IBULHSGFIN-N9,4768257
NSE,IBUCCREDIT-N5,1255425
NSE,HUBTOWN,3635969
NSE,HMVL,4918017
NSE,HINDCOPPER,4592385
NSE,HESTERBIO,1804289
NSE,HCC,352001
NSE,GULFPETRO,2964737
NSE,GTPL,5425921
NSE,GOLDIAM,3064577
NSE,GNA,4754177
NSE,GIRRESORTS-IT,2543361
NSE,GET&D,4296449
NSE,GANGOTRI-BZ,5346817
NSE,FOCUS-SM,5239809
NSE,FEL,2692097
NSE,EUROMULTI-BE,4471297
NSE,EIFFL-SM,5183745
NSE,EDL,3862529
NSE,ECLFINANCE-NF,1093633
NSE,DYNAMATECH,1158401
NSE,DNAMEDIA-BE,165121
NSE,DHFL-Y1,868609
NSE,DHFL-NR,856833
NSE,DHFL-N2,4678145
NSE,DECCANCE,3798529
NSE,DALMIASUG,199937
NSE,CRMFGETF,8004353
NSE,CONTI-SM,647937
NSE,CIMMCO,6447105
NSE,CENTUM,3835393
NSE,CDSL,5420545
NSE,BUTTERFLY,695297
NSE,BODALCHEM,6404353
NSE,BILENERGY,5522177
NSE,BERGEPAINT,103425
NSE,BBTC,97281
NSE,BANARISUG,89601
NSE,BAJFINANCE,81153
NSE,ASIANHOTNR,4716033
NSE,ASAHIINDIA,1376769
NSE,ARCOTECH,641793
NSE,AMJLAND,665089
NSE,ALBERTDAVD,4417537
NSE,AIFL,2903297
NSE,ADVENZYMES,4617985
NSE,ACCORD-SM,5431553
NSE,883GS2041-GS,1795329
NSE,828GS2032-GS,1762561
NSE,813GS2045-GS,1823745
NSE,716GS2023-GS,1800961
NSE,1003GS2019-GS,1745921
NSE,COFFEEDAY,2858241
NSE,CANTABIL,5160961
NSE,CELEBRITY,3369473
NSE,COCHINSHIP,5506049
NSE,CHENNPETRO,524545
NSE,COALINDIA,5215745
NSE,IZMO,3628545
NSE,GANESHHOUC,3670785
NSE,DVL,3894785
NSE,DHFL-N1,4677633
NSE,DAAWAT,3536897
NSE,CREATIVEYE,2402305
NSE,CYIENT,1471489
NSE,DHFL,215553
NSE,DCW,209153
NSE,DHARSUGAR,221697
NSE,DUCON,7411713
NSE,DHFL-NG,4687873
NSE,DTIL,1594113
NSE,DLINKINDIA,4569857
NSE,DSSL,6576641
NSE,GANECOS,1777665
NSE,ENGINERSIN,1256193
NSE,EDELWEISS,3870465
NSE,ECLFINANCE-ND,1818881
NSE,ECLFINANCE-NS,2044417
NSE,ENERGYDEV,3852545
NSE,EIMCOELECO,1034241
NSE,ENDURANCE,4818433
NSE,GANDHITUBE,3613697
NSE,FCONSUMER,7689729
NSE,ESSARSHPNG,6562305
NSE,FCL,1586689
NSE,GAMMNINFRA,3939585
NSE,FMGOETZE,304641
NSE,GALLISPAT,5155841
NSE,RADAAN-BE,2884609
NSE,KHANDSE-BE,2469121
NSE,ICICILIQ,1238529
NSE,HERITGFOOD,1177089
NSE,21STCENMGM,1025
NSE,662GS2051-GS,1841409
NSE,684GS2022-GS,1833217
NSE,772GS2025-GS,1823489
NSE,819GS2020-GS,1795841
NSE,915GS2024-GS,1794561
NSE,ABFRL,7707649
NSE,AGROPHOS-SM,4861185
NSE,AJOONI-SM,232705
NSE,APTECHT,2753281
NSE,ARVEE-SM,376321
NSE,ASTERDM,386049
NSE,AUTOAXLES,71169
NSE,BAFNAPHARM,7433985
NSE,BALPHARMA,3440897
NSE,BATAINDIA,94977
NSE,BFUTILITIE,3729153
NSE,BHEL,112129
NSE,BLISSGVS,4931841
NSE,BRIGHT-SM,998657
NSE,CADSYS-SM,5586689
NSE,CCCL,3837953
NSE,CERA,3849985
NSE,CKPPRODUCT-SM,5300481
NSE,COROMANDEL,189185
NSE,CUB,1459457
NSE,DATAMATICS,2924289
NSE,DENORA,1095425
NSE,DHFL-N9,4684289
NSE,DHFL-NO,4734209
NSE,DHFL-Y2,872961
NSE,EASTSILK-BE,2500865
NSE,ECLFINANCE-NI,1096705
NSE,EHFLNCD-N2,4571649
NSE,EMCO,3352577
NSE,EXCEL,4448257
NSE,FILATEX,6280193
NSE,GABRIEL,277761
NSE,GEECEE,3496449
NSE,GILLETTE,403457
NSE,GLOBOFFS,3730433
NSE,GOKULAGRO-BE,3707905
NSE,GREENLAM,1753089
NSE,GTLINFRA,3518721
NSE,GULPOLY,1609217
NSE,HDFCBANK,341249
NSE,HFCL,5619457
NSE,HINDOILEXP,359169
NSE,HONDAPOWER,803329
NSE,HUDCO-NC,5111297
NSE,IBUCCREDIT-NC,1263617
NSE,IBULHSGFIN-ND,4770305
NSE,ICICI0102-NB,2716417
NSE,ICICI1100-NA,2413057
NSE,ICICINV20,4473601
NSE,IFCI,381697
NSE,IIFCL-N4,5134849
NSE,INDIANB,3663105
NSE,INDRAMEDCO,1216257
NSE,INOXWIND,2010113
NSE,IREDA-N2,353281
NSE,IRFC-NC,509697
NSE,JAGSNPHARM,1128961
NSE,JITFINFRA-BE,5041921
NSE,JOCIL,4333313
NSE,JUNIORBEES,2800385
NSE,KANSAINER,306177
NSE,KELLTONTEC,3438081
NSE,KKVAPOW-SM,4551937
NSE,KTIL,5350401
NSE,LATTEYS-SM,846593
NSE,LINCOLN,2968577
NSE,LUPIN,2672641
NSE,MALUPAPER,3418113
NSE,MANAV-SM,5554433
NSE,MARSHALL-SM,1183489
NSE,MCDOWELL-N,2674433
NSE,MOHITIND,7532289
NSE,MPTODAY-SM,5578753
NSE,MURUDCERA,592129
NSE,NARMADA-SM,697857
NSE,NHAI-N3,45057
NSE,NHBTF2014-N4,8183809
NSE,NIBL,7611649
NSE,NKIND,624385
NSE,NTPC-N5,8132097
NSE,OSWALSEEDS-SM,920833
NSE,PENIND,5278977
NSE,PNBHOUSING,4840449
NSE,PRADIP-BE,4700417
NSE,PRESTIGE,5197313
NSE,PUNJLLOYD,3364353
NSE,RBL,4286721
NSE,RECLTD-NB,750337
NSE,RELIGARE,3857409
NSE,RHFL-N5,4951297
NSE,RNAVAL,4465665
NSE,RTNPOWER,4485121
NSE,SAKHTISUG,760065
NSE,SANOFI,369153
NSE,SBIN-N6,5723137
NSE,SERVOTECH-SM,5529345
NSE,SGBMAY26-GB,740097
NSE,SHAHALLOYS,3035137
NSE,SHIRPUR-G,2510593
NSE,SHRIRAMEPC,3918849
NSE,SORILINFRA,3347457
NSE,SPMLINFRA,850177
NSE,SREIBNPNCD-NN,5004289
NSE,SREINFRA-NQ,897281
NSE,SREINFRA-Y9,5057793
NSE,SREINFRA-YO,525057
NSE,SRTRANSFIN-YJ,135169
NSE,STAN-DR,4851713
NSE,SUJANAUNI-BE,3917313
NSE,SUPERHOUSE,5277697
NSE,SYNGENE,2622209
NSE,TATACOMM,952577
NSE,TCFSL-N8,421121
NSE,TCS,2953217
NSE,THEJO-SM,7383553
NSE,TIPSINDLTD,2333953
NSE,TPLPLASTEH,2360065
NSE,TV18BRDCST,3637249
NSE,UMESLTD,4900353
NSE,VARDHACRLC,2872321
NSE,VHL,3044353
NSE,VIPULLTD,2156545
NSE,WABAG,5168129
NSE,WILLAMAGOR,965633
NSE,YESBANK,3050241
NSE,GPIL,3432705
NSE,GLENMARK,1895937
NSE,GEPIL,2012673
NSE,GLAXO,295169
NSE,ZYLOG-BZ,4396289
NSE,ZEEL-P2,4283905
NSE,WORTH-SM,5571329
NSE,VTL,530689
NSE,VIVIMEDLAB,3063041
NSE,VIKASECO,6593537
NSE,VBL,4843777
NSE,UTTAMSTL,930305
NSE,UNIONBANK,2752769
NSE,UBL,4278529
NSE,TRIDENT,2479361
NSE,TNPETRO,898305
NSE,THOMASCOOK,891137
NSE,TECHNOFAB,4912641
NSE,TCFSL-NC,1287937
NSE,TATAMETALI,876289
NSE,TAKE,3818753
NSE,SURYAROSNI,864001
NSE,SUNFLAG,857089
NSE,STRTECH,2383105
NSE,SRTRANSFIN-YQ,1576961
NSE,SRTRANSFIN-Y8,1106689
NSE,SREINFRA-YI,517377
NSE,SREINFRA-NY,4792065
NSE,SREIBNPNCD-NT,5511937
NSE,SREIBNPNCD-NE,4991489
NSE,SPECIALITY,6939393
NSE,SOLARINDS,3412993
NSE,SITINET,3583489
NSE,SIGIND,1157633
NSE,SHRADHA-SM,165889
NSE,SHANTI-SM,5487105
NSE,SGBNOV258-GB,127233
NSE,SGBDEC25-GB,159489
NSE,SEAMECLTD,669697
NSE,SASTASUNDR,5136129
NSE,SALSTEEL,2978305
NSE,SABEVENTS,4735233
NSE,RPGLIFE,4281601
NSE,RITES,962817
NSE,RENUKA,3078657
NSE,RECLTD-NI,5100545
NSE,RECLTD-N2,7452417
NSE,RAMCOSYS,2009857
NSE,PVR,3365633
NSE,PROVOGE-BE,8006657
NSE,PRAKASHCON,6505985
NSE,PODDARHOUS,5234177
NSE,PIDILITIND,681985
NSE,PFC-N2,5113345
NSE,PDMJEPAPER,3936513
NSE,PANACHE-SM,5271297
NSE,ORIENTBELL,3655169
NSE,OMMETALS,6203137
NSE,NTPC-NB,2750977
NSE,NRAIL,5200385
NSE,NIITTECH,2955009
NSE,NHBTF2023-N5,451329
NSE,NHAI-N9,3060225
NSE,NETF,2006529
NSE,NABARD-N2,5128705
NSE,MRPL,584449
NSE,MOLDTECH,4512001
NSE,MINDAIND,3623425
NSE,MELSTAR-BE,1939201
NSE,MAWANASUG,4357633
NSE,MANINDS,3042305
NSE,MANAKSIA,3890945
NSE,MAHAPEXLTD-BE,2221825
NSE,M&M,519937
NSE,LIQUIDETF,493313
NSE,LAXMIMACH,506625
NSE,L&TINFRA-N2,5327361
NSE,KREBSBIO,495873
NSE,KOKUYOCMLN,4307713
NSE,KESORAMIND,475905
NSE,KARURVYSYA,470529
NSE,JYOTHYLAB,3877377
NSE,JPOLYINVST,8065793
NSE,JINDWORLD,5284353
NSE,JBCHEPHARM,441857
NSE,IRFC-NN,3874305
NSE,IRFC-N5,7578881
NSE,IPCALAB,418049
NSE,INFY,408065
NSE,INDOSOLAR-BE,5109505
NSE,IMFA,4924161
NSE,IFCI-NM,1702913
NSE,IDFCBANK-NE,2795521
NSE,IDFC,3060993
NSE,ICICIB22,133633
NSE,ICICI0402-NC,2743297
NSE,ICEMAKE-SM,159745
NSE,IBULHSGFIN-N5,4766209
NSE,IBUCCREDIT-N2,1247489
NSE,HUDCO-N3,7997953
NSE,HITECHGEAR,1134849
NSE,HINDCOMPOS,351233
NSE,GOODLUCK,1568001
NSE,GODFRYPHLP,302337
NSE,GOLDTECH,2527745
NSE,HERCULES,3913729
NSE,GUJGASLTD,2713345
NSE,GRSE,1401601
NSE,GUJFLUORO,329985
NSE,HEIDELBERG,592897
NSE,HBLPOWER,3575297
NSE,HEG,342017
NSE,ICICIGOLD,5037825
NSE,IBUCCREDIT-N4,1248769
NSE,HMT-BZ,5042689
NSE,VERA-SM,682497
NSE,ICICIGI,5573121
NSE,ICICI-M1,2611457
NSE,ICICIBANK,1270529
NSE,KHAITANLTD-BE,2452993
NSE,IRFC-N8,151297
NSE,IMPEXFERRO-BE,2991105
NSE,IMPAL,3074305
NSE,IRFC-N7,150017
NSE,INGERRAND,408833
NSE,IRFC-N6,7579393
NSE,KHADIM,108801
NSE,JISLJALEQS,2661633
NSE,J&KBANK,1442049
NSE,KGL-BE,3732737
NSE,JYOTISTRUC-BZ,617217
NSE,KEYCORPSER,1064193
NSE,QUINTEGRA,2394881
NSE,NAVNETEDUL,610561
NSE,MANAPPURAM,4879617
NSE,LEMONTREE,667137
NSE,KRIDHANINF,2938881
NSE,LEEL,1213441
NSE,MANALIPETC,3531777
NSE,M&MFIN,3400961
NSE,MANAKSTEEL,1910529
NSE,NAVKARCORP,2702593
NSE,MINDTREE,3675137
NSE,MAXINDIA,4542721
NSE,MINDTECK,4620545
NSE,NAVINFLUOR,3756033
NSE,MSPL,3051265
NSE,NAUKRI,3520257
NSE,QUICKHEAL,3357697
NSE,ORIENTHOT,638209
NSE,NILASPACES,1897217
NSE,NHAI-NA,3072769
NSE,NILAINFRA,2368769
NSE,ORIENTELEC,760833
NSE,NTPC-NC,2751745
NSE,ORIENTCEM,7702785
NSE,QUESS,4532225
NSE,PIIND,6191105
NSE,PDPL,5001473
NSE,QNIFTY,4305665
NSE,PRAKASHSTL,5017345
NSE,QGOLDHALF,3924481
NSE,JBMA,2983681
NSE,SUULD-SM,830721
NSE,TIFIN,5565441
NSE,SKIL,1164801
NSE,SANCO,4876545
NSE,REPL-SM,1020161
NSE,RECLTD-N3,7580673
NSE,REPCOHOME,7577089
NSE,SAMBHAAV,1056513
NSE,BRIGADE,3887105
NSE,BRNL,5550849
NSE,CCHHL,1634561
NSE,CENTURYPLY,3406081
NSE,CUMMINSIND,486657
NSE,DBCORP,4577537
NSE,DHFL-N7,4683265
NSE,DHFL-NJ,4689409
NSE,EHFLNCD-N4,4572673
NSE,ELECON,3492609
NSE,ESTER,6211841
NSE,RPOWER,3906305
NSE,GHCL,288513
NSE,GISOLUTION,4350977
NSE,GOACARBON,3759873
NSE,GREENPOWER,5148161
NSE,IBREALEST,3699201
NSE,SALZERELEC,2918145
NSE,ICICI0199-NB,1548801
NSE,ICICI0302-NC,2737921
NSE,IFCI-NH,1474305
NSE,INDIANCARD,1132033
NSE,INEOSSTYRO,4865
NSE,JASH-SM,9217
NSE,JMTAUTOLTD,3704321
NSE,JUSTDIAL,7670273
NSE,KINGFA,4849665
NSE,KPRMILL,3817473
NSE,LAOPALA,3692289
NSE,LAURUSLABS,4923905
NSE,MCLEODRUSS,3057409
NSE,MILTON-SM,40705
NSE,MUKANDENGG,2135809
NSE,NHAI-ND,3717633
NSE,NIACL,102145
NSE,NTL-BE,7821825
NSE,PEL,617473
NSE,PERSISTENT,4701441
NSE,PIONDIST,4861953
NSE,PRABHAT,2726401
NSE,RBLBANK,4708097
NSE,RECLTD-ND,751361
NSE,RELIANCE,738561
NSE,SESHAPAPER,784897
NSE,SETFNIF50,2605057
NSE,SGBSEP24-GB,4811521
NSE,SHIVAMAUTO,3521537
NSE,SIS,5504257
NSE,SOUTHBANK,1522689
NSE,SREIBNPNCD-NK,4994561
NSE,SREIBNPNCD-NO,5509377
NSE,SRTRANSFIN-YO,1571841
NSE,SUNDRMBRAK,1069825
NSE,SYNCOM,4634625
NSE,TAINWALCHM,869377
NSE,TCIFINANCE,1221377
NSE,THEINVEST,5485313
NSE,TRANSWIND-SM,5442561
NSE,TTL,3664385
NSE,SKFINDIA,815617
NSE,SGBNOV25VI-GB,101889
NSE,SECURCRED-SM,105473
NSE,SGBNOV25IX-GB,138241
NSE,SJVN,4834049
NSE,SHREECEM,794369
NSE,SIYSIL,3608577
NSE,TIDEWATER,3588865
NSE,TOKYOPLAST,982273
NSE,SRTRANSFIN-YT,1579521
NSE,TEXMOPIPES,4662785
NSE,TCIEXP,4921089
NSE,SUNPHARMA,857857
NSE,STAMPEDE,4579329
NSE,SREIBNPNCD-NV,5512961
NSE,SMARTLINK,2531585
NSE,SHYAMTEL,3517441
NSE,SHARONBIO-BZ,79361
NSE,SGBDEC2512-GB,203521
NSE,SBILIFE,5582849
NSE,SALASAR,5468673
NSE,SAGARDEEP-SM,4382721
NSE,REFEX,4547585
NSE,RANASUG,726273
NSE,PSPPROJECT,5344513
NSE,PODDARMENT,4873217
NSE,PFC-N4,5114369
NSE,PARABDRUGS-BE,4888321
NSE,PAISALO,6519809
NSE,NFL,3564801
NSE,NETWORK18,3612417
NSE,NAGREEKEXP,3763713
NSE,MTNL,587265
NSE,MIRZAINT,1124865
NSE,MAXVIL,4471809
NSE,MANINFRA,4665857
NSE,MANAPPURAM-N9,1451009
NSE,LSIL,4557057
NSE,KOTAKPSUBK,3855617
NSE,KITEX,7398145
NSE,KEC,3394561
NSE,JSWENERGY,4574465
NSE,ITDCEM,1439233
NSE,IRFC-NH,3007489
NSE,INDOSTAR,790529
NSE,SPECTRUM-SM,1295361
NSE,ICICI1201-NB,2712577
NSE,ICICI0701-N8,2668289
NSE,HINDUNILVR,356865
NSE,HILTON,3744513
NSE,GSKCONS,821761
NSE,GSCLCEMENT,7641601
NSE,GICHSGFIN,291585
NSE,GENESYS,2791681
NSE,FCSSOFT,3071745
NSE,EHFLNCD-N6,4573697
NSE,ECLFINANCE-NO,2039809
NSE,CUPID,4741121
NSE,SREIBNPNCD-NU,5512449
NSE,CGPOWER,194561
NSE,CENTRUM,628225
NSE,BLUEBLENDS-O3,2595073
NSE,BIRLAMONEY-BE,3902209
NSE,BHARATFORG,108033
NSE,BANSAL-SM,5444353
NSE,SRTRANSFIN-YS,1579009
NSE,SREINFRA-YJ,517889
NSE,ANGIND-BE,3646465
NSE,SRTRANSFIN-YR,1578497
NSE,ADROITINFO,1267969
NSE,TI,4914177
NSE,815GS2022A-GS,1796353
NSE,794GS2021-GS,1762817
NSE,TALWALKARS,4812033
NSE,SUNILHITEC-BE,3391745
NSE,TALBROAUTO,3493889
NSE,THYROCARE,4360193
NSE,TCFSL-ND,1290753
NSE,THOMASCOTT-BE,7941377
NSE,ZUARI,7436801
NSE,VOLTAMP,3475713
NSE,UNITECH-BE,2016513
NSE,TRIGYN,1389569
NSE,UNIPLY,3684609
NSE,VMART,7496705
NSE,VEDL,784129
NSE,VLSFINANCE,951041
NSE,ZUARIGLOB,979713
NSE,WSI-BE,3796993
NSE,WEIZMANIND,959489
NSE,ZODIAC-SM,154113
NSE,UFO,2313985
NSE,VINNY-SM,1444609
NSE,WENDT,1084161
NSE,VIPIND,947969
NSE,ACEINTEG-SM,5449217
NSE,AKG-SM,1225217
NSE,601GS2028-GS,1757697
NSE,ANANTRAJ,3486721
NSE,ANSALAPI,37889
NSE,ASTRAL,3691009
NSE,AUBANK,5436929
NSE,UJJIVAN,4369665
NSE,BRITANNIA,140033
NSE,CHOLAFIN,175361
NSE,CORPBANK,1319425
NSE,CREDITACC,1131777
NSE,DHFL-N3,4678657
NSE,DHFL-NA,4684801
NSE,DIVISLAB,2800641
NSE,DWARKESH,2986753
NSE,EMKAY,3435777
NSE,EQUITAS,4314113
NSE,FMNL,5380353
NSE,GARDENSILK,280833
NSE,GMDCLTD,1332225
NSE,GOLDENTOBC-BE,2230273
NSE,GUJNRECOKE-W1,4832001
NSE,ULTRACEMCO,2952193
NSE,ICICI0301-N9,2564609
NSE,ICICI0401-N9,2576129
NSE,ICICISENSX,1120769
NSE,IDFCBANK-NB,2792449
NSE,INFOBEAN-SM,5283841
NSE,IREDA-N5,356097
NSE,IRFC-N2,7968769
NSE,JKCEMENT,3397121
NSE,KALYANI-BE,5031169
NSE,KICL,5406465
NSE,KIRIINDUS,4259585
NSE,LEXUS-SM,5525761
NSE,M100,5484289
NSE,MAHESHWARI-SM,4980225
NSE,MENONBE,1782017
NSE,SWELECTES,3048705
NSE,NELCAST,3778817
NSE,NEULANDLAB,615937
NSE,NITCO,3404801
NSE,NMDC,3924993
NSE,ONELIFECAP-BE,6526977
NSE,ORIENTPPR,638977
NSE,PILANIINVS-BE,2931201
NSE,PRSMJOHNSN,701185
NSE,RAJESHEXPO,1894657
NSE,RECLTD-NC,750849
NSE,RELINFRA,141569
NSE,RUBYMILLS,752385
NSE,TGBHOTELS,3739393
NSE,SKMEGGPROD,1211393
NSE,SMSPHARMA,3668225
NSE,SREIBNPNCD-NP,5509889
NSE,SREINFRA,836353
NSE,SRIPIPES,3821313
NSE,SRTRANSFIN-YK,178177
NSE,SURANASOL,5395713
NSE,TALWGYM,953089
NSE,TOUCHWOOD-SM,201217
NSE,TRITURBINE,6549505
NSE,THANGAMAYL,4638209
NSE,SYMPHONY,6192641
NSE,ZENSARTECH,275457
NSE,TCFSL-N6,419073
NSE,SYNDIBANK,1837825
NSE,WEIZFOREX,6244097
NSE,VIVIDHA,7648513
NSE,VAISHALI-SM,5521409
NSE,UTISENSETF,2691841
NSE,TOTAL-SM,5490433
NSE,TIMKEN,3634689
NSE,TATASTLBSL-BE,2219521
NSE,TATAINVEST,414977
NSE,SUNDRMFAST,856321
NSE,SRTRANSFIN-YP,1574145
NSE,SREINFRA-YH,516353
NSE,SHANKARA,5202177
NSE,SDBL,342529
NSE,SBIN-N5,5722625
NSE,ROSSELLIND,7401729
NSE,REMSONSIND,1015041
NSE,RECLTD-NA,7933953
NSE,PRAKASH,693249
NSE,POWERGRID,3834113
NSE,PHOENIXLTD,3725313
NSE,PENPEBS,2705665
NSE,OSWALAGRO,643585
NSE,OIL,4464129
NSE,NORBTEAEXP,1064961
NSE,NITINSPIN,3372801
NSE,JETAIRWAYS,2997505
NSE,MCDHOLDING,3753473
NSE,MANGTIMBER,539905
NSE,MAHABANK,2912513
NSE,LIQUIDBEES,2817537
NSE,LAKSHVILAS,504321
NSE,L&TINFRA-N1,5326849
NSE,KDDL,3816449
NSE,JPINFRATEC,4837121
NSE,JHS,3512321
NSE,JAYSREETEA,440321
NSE,IRFC-N4,7506689
NSE,IREDA-N4,355073
NSE,INDORAMA-BE,3605505
NSE,IL&FSTRANS,4696321
NSE,IBULHSGFIN-N4,4765697
NSE,IBUCCREDIT-NB,1262081
NSE,HUDCO-N2,7997441
NSE,HINDSYNTEX,363009
NSE,HDFCAMC,1086465
NSE,GTL,297473
NSE,GOLDSTAR-SM,257
NSE,GOKEX,3015169
NSE,GALLANTT,3414273
NSE,EVEREADY,3016193
NSE,EMMBI,4644353
NSE,ELGIEQUIP,239873
NSE,EBANK,2976001
NSE,DSML-SM,843265
NSE,DHFL-N8,4683777
NSE,AVTNPL,3586049
NSE,CORDSCABLE,3909377
NSE,PFC-N6,5126145
NSE,BPCL,134657
NSE,SGBDEC26-GB,1959425
NSE,BCG,2261249
NSE,BASF,94209
NSE,ASTRAZEN,1436161
NSE,ANDHRSUGAR,34817
NSE,ALPHAGEO,3736833
NSE,ADHUNIKIND,4481793
NSE,SREIBNPNCD-NI,4993537
NSE,824GS2033-GS,1819137
NSE,773GS2034-GS,1824513
NSE,SRTRANSFIN-YD,1111297
NSE,SUDARSCHEM,851713
NSE,SRTRANSFIN-YG,1112321
NSE,SREIBNPNCD-NJ,4994049
NSE,SREINFRA-Y6,5056257
NSE,SGBFEB24-GB,4706561
NSE,SILINV,1050881
NSE,SONAMCLOCK-SM,892417
NSE,SIMBHALS,3740673
NSE,SGBMAR24-GB,4706817
NSE,SHILPI-BZ,79617
NSE,SGBMAR25-GB,5239553
NSE,PFC-N7,5126657
NSE,RELCAPITAL,737793
NSE,SAGCEM,3601409
NSE,SBIN,779521
NSE,SAKETH-SM,1103105
NSE,RELDIVOPP,674817
NSE,RNAM,91393
NSE,RELIABLE-SM,13057
NSE,PFOCUS,3454977
NSE,683GS2039-GS,1775361
NSE,812GS2020-GS,1798913
NSE,92GS2030-GS,1801985
NSE,AGARIND,867585
NSE,ALKEM,2995969
NSE,APARINDS,2941697
NSE,ASHAPURMIN,51969
NSE,AUROPHARMA,70401
NSE,BANG,3917569
NSE,BFINVEST,5404929
NSE,BLS,4423425
NSE,BYKE,2027265
NSE,CNOVAPETRO,8151809
NSE,CTE,3639809
NSE,DHFL-NF,4687361
NSE,DPSCLTD,3947265
NSE,ECLFINANCE-NC,1817857
NSE,EIHOTEL,235265
NSE,ERFLNCDI-N3,568065
NSE,FSC,190465
NSE,GEOJITFSL,3045377
NSE,GOCLCORP,1014529
NSE,GREAVESCOT,316161
NSE,HAVISHA-BE,2154753
NSE,HGS,3766273
NSE,HOVS,3479553
NSE,IBUCCREDIT-N1,1246977
NSE,ICICI1098-NB,1488385
NSE,IDEA,3677697
NSE,IFCI-NL,1701377
NSE,INDIANHUME,391681
NSE,IPAPPM,42497
NSE,IRFC-NF,3000833
NSE,JAKHARIA-SM,1010945
NSE,JINDRILL,3552001
NSE,KARMAENG,6242561
NSE,KIRLOSENG,5359617
NSE,KSK,4304129
NSE,LAXMICOT-SM,5180417
NSE,MACPOWER-SM,535041
NSE,MANAKCOAT,1897729
NSE,MATRIMONY,5561857
NSE,MMNL-IT,2372353
NSE,NDL,8002049
NSE,NHAI-N8,3059713
NSE,NIITLTD,2949633
NSE,ORIENTBANK,636673
NSE,PARIN-SM,1397761
NSE,POCHIRAJU-BZ,1733377
NSE,PVP,1026561
NSE,RATNAMANI,3443457
NSE,RELCONS,623361
NSE,RIIL,745473
NSE,SAKAR-SM,4795905
NSE,SASKEN,3067649
NSE,SGBAUG24-GB,4717825
NSE,SGFL-BE,3744257
NSE,SITASHREE-BE,3941889
NSE,SONISOYA-SM,685313
NSE,SREIBNPNCD-NL,4995073
NSE,SREINFRA-NX,4791553
NSE,SRTRANSFIN-YI,127489
NSE,STINDIA,848641
NSE,SURYALAXMI,3034113
NSE,TARMAT,3781377
NSE,TFL,3665665
NSE,TMRVL,4916481
NSE,TWL,3945985
NSE,UPL,2889473
NSE,VIJSHAN-BE,4266753
NSE,VSCL-SM,5369089
NSE,XLENERGY-BE,3561985
NSE,PTL,3609857
NSE,ZEELEARN,5338113
NSE,WELCORP,3026177
NSE,VRLLOG,2226177
NSE,UNITY-BZ,1224961
NSE,TVSELECT,2883841
NSE,TIRUPATI-SM,5598209
NSE,TCIDEVELOP,6003713
NSE,TARAJEWELS-BE,7440897
NSE,SUPERSPIN,859393
NSE,STARPAPER,842497
NSE,SRTRANSFIN,1102337
NSE,SREINFRA-NR,898817
NSE,SREIBNPNCD-N9,2330113
NSE,SOLEX-SM,315137
NSE,SHUBHLAXMI-SM,1651457
NSE,SGBOCT25V-GB,90881
NSE,SETF10GILT,4453121
NSE,SANWARIA,3410433
NSE,SABTN,3854337
NSE,RHFL-N7,4952321
NSE,REDINGTON,3649281
NSE,RAMKY,5154305
NSE,PURVA,3820033
NSE,PETRONET,2905857
NSE,PANAMAPET,6500353
NSE,NIFTYBEES,2707457
NSE,NHAI-N5,47617
NSE,NAGAFERT,4427521
NSE,MIRCELECTR,563713
NSE,MANAPPURAM-NB,1453569
NSE,MAGADSUGAR,5476353
NSE,LIBERTSHOE,510465
NSE,KWALITY,4581633
NSE,KMSUGAR,3754753
NSE,JMCPROJECT,1134081
NSE,JAICORPLTD,1316609
NSE,IRFC-ND,510209
NSE,INDIGO,2865921
NSE,IFCI-NI,1474817
NSE,IDBI0404-N4,2929409
NSE,ICICI1101-NC,2698753
NSE,IBUCCREDIT-N6,1255937
NSE,HOTELEELA,370689
NSE,HIGHGROUND,4894209
NSE,HATSUN-E1,1047809
NSE,GREENPLY,1020673
NSE,GNFC,300545
NSE,GESHIP,3526657
NSE,GAIL,1207553
NSE,ERIS,5415425
NSE,EIDPARRY,234497
NSE,ECLFINANCE-N7,1030913
NSE,DQE,6210305
NSE,DHFL-NH,4688385
NSE,DFMFOODS,4933377
NSE,CUBEXTUB,1040385
NSE,CONCOR,1215745
NSE,BURNPUR,3889665
NSE,BLUEBLENDS,125953
NSE,BGLOBAL-BE,6345473
NSE,BANKBARODA,1195009
NSE,AUTOLITIND,73473
NSE,ASHIMASYN-BE,2021121
NSE,APEX,5535489
NSE,ALOKTEXT,20993
NSE,ADFFOODS,5058817
NSE,82GS2022-GS,1760001
NSE,795GS2032-GS,1749761
NSE,697GS2026-GS,1832449
NSE,RAYMOND,731905
NSE,PULZ-SM,129793
NSE,PFS,5786113
NSE,PPAP,3893505
NSE,JETFREIGHT-SM,4907521
NSE,METALFORGE,13313
NSE,NHPC-N2,8059649
NSE,ONWARDTEC,635137
NSE,PARACABLES,3571457
NSE,OPTOCIRCUI,2819073
NSE,NHPC-N5,8060417
NSE,NHPC-N6,8060673
NSE,MGL,4488705
NSE,NAHARPOLY,3697921
NSE,NHAI-N2,7946241
NSE,NAHARSPING,3696641
NSE,MHHL-SM,365057
NSE,MPHASIS,1152769
NSE,JIKIND-BE,4347649
NSE,78GS2020-GS,1786881
NSE,883GS2023-GS,1802753
NSE,ADORWELD,8705
NSE,AKSHARCHEM,5165569
NSE,ALICON,3495937
NSE,APOLLO,290305
NSE,AXISCADES,2415617
NSE,BEPL,107265
NSE,BINANIIND,3488001
NSE,BSLGOLDETF,6093825
NSE,CENTENKA,158465
NSE,CMICABLES,4898049
NSE,CURATECH-BE,2081537
NSE,DHFL-NI,4688897
NSE,DRREDDY,225537
NSE,ENIL,3377153
NSE,EXIDEIND,173057
NSE,FOSECOIND,274689
NSE,GENUSPAPER,1689601
NSE,GODREJAGRO,36865
NSE,GUFICBIO,2971137
NSE,HDFCNIFETF,2967297
NSE,HINDCON-SM,431873
NSE,HUDCO-N4,7503361
NSE,IBULHSGFIN-N7,4767233
NSE,ICICI0400-NC,2110721
NSE,IDFCBANK-N1,2759681
NSE,INDLMETER,1008129
NSE,INFIBEAM,4159745
NSE,IRFC-NO,3883009
NSE,JAYBARMARU,437249
NSE,JUBILANT,931073
NSE,KCP,471297
NSE,KOLTEPATIL,3871745
NSE,L&TINFRA-N6,5772545
NSE,MANAPPURAM-N8,1461249
NSE,MARALOVER,540673
NSE,MERCK,240641
NSE,MOREPENLAB,578305
NSE,NACLIND,5228801
NSE,NELCO,611329
NSE,NHPC-N1,8059393
NSE,NTPC-N8,2748673
NSE,ONMOBILE,3911169
NSE,PALASHSECU,5474049
NSE,PFC-N3,5113857
NSE,POKARNA,4518657
NSE,PRITI-SM,924673
NSE,RAJTV,3687169
NSE,RECLTD-NF,754433
NSE,RKFORGE,2921217
NSE,RUCHISOYA-BE,1824001
NSE,SAREGAMA,1252353
NSE,SETFGOLD,4421633
NSE,SHALBY,182785
NSE,SHREYAS,801025
NSE,SNOWMAN,1239809
NSE,SREINFRA-NT,901889
NSE,SREINFRA-YC,507649
NSE,SRTRANSFIN-YA,1108481
NSE,SUBCAPCITY-BE,2474497
NSE,SURANAT&P,2739201
NSE,TATASTEEL,895745
NSE,TEJASNET,5409537
NSE,TINPLATE,894209
NSE,TVTODAY,2886401
NSE,VESUVIUS,941057
NSE,VSSL,6929153
NSE,WIPL-BE,5245697
NSE,LALPATHLAB,2983425
NSE,MAHSEAMLES,534529
NSE,ZYDUSWELL,4514561
NSE,WSTCSTPAPR,972545
NSE,VISAKAIND,1080577
NSE,VAIBHAVGBL,2909185
NSE,UMANGDAIRY,2915073
NSE,TRIVENI,3348737
NSE,THERMAX,889601
NSE,TCI,2708481
NSE,TARAPUR,4819713
NSE,SUPREMEINF,3840513
NSE,SSWL,3028225
NSE,SREINFRA-YG,514817
NSE,SREINFRA-NG,81665
NSE,SPTL,5494273
NSE,SMLISUZU,867073
NSE,SHRIPISTON-BE,4400641
NSE,SHAIVAL-SM,2734849
NSE,SGBMAY25-GB,5370881
NSE,SALONA,4441857
NSE,RELNV20,2520833
NSE,RECLTD-N9,7933441
NSE,RAINBOWPAP-BE,4848897
NSE,PREMIER,696321
NSE,PNBGILTS,2236417
NSE,PFC,3660545
NSE,ORTINLABSS,2661377
NSE,NTPC-N9,2749697
NSE,NIRAJISPAT-BE,4824065
NSE,NHBTF2014-N2,8183297
NSE,NDGL,4702977
NSE,MUKTAARTS,2223873
NSE,MHRIL,4437249
NSE,MANAPPURAM-NA,1452545
NSE,LICHSGFIN,511233
NSE,KTKBANK,2061825
NSE,KKCL,3425537
NSE,KANORICHEM,469761
NSE,JINDCOT,4459009
NSE,IRFC-NL,3868161
NSE,INSPIRISYS,3514881
NSE,INDINFR-IV,740353
NSE,IIHFL-N2,609537
NSE,IDBIGOLD,6563841
NSE,ICICI1299-NC,1899777
NSE,HUDCO,5331201
NSE,HATHWAY,4647425
NSE,GTNTEX-BE,3449345
NSE,GOLDSHARE,3720961
NSE,GLOBALVECT,3516161
NSE,GARFIBRES,281601
NSE,FEDERALBNK,261889
NSE,ERFLNCDI-N2,567553
NSE,EIHAHOTELS,3942145
NSE,EASUNREYRL,1249793
NSE,DHFL-NM,4733185
NSE,DEVIT-SM,5246465
NSE,DAMODARIND,4490497
NSE,CMMIPL-SM,24577
NSE,CENTRALBK,3812865
NSE,BVCL-BE,3859713
NSE,BLUEBLENDS-O2,2594817
NSE,BBTCL-SM,1455873
NSE,BAGFILMS,2873857
NSE,ASTRAMICRO,2974209
NSE,ARSSINFRA,4659713
NSE,AMRUTANJAN,4492033
NSE,AISL-SM,123393
NSE,ADANIPOWER,4451329
NSE,923GS2043-GS,1814273
NSE,772GS2055-GS,1826817
NSE,MARKSANS,2708225
NSE,MAITHANALL,6281729
NSE,LAMBODHARA,1640193
NSE,LUMAXIND,516609
NSE,LASA-BE,5561089
NSE,JINDALPHOT,3006209
NSE,KECL,4664321
NSE,KOTARISUG,2981633
NSE,KEI,3407361
NSE,JINDALSAW,774145
NSE,JUBLINDS,5514497
NSE,V2RETAIL,3780097
NSE,AXISBANK,1510401
NSE,AARON-SM,1168641
NSE,ELAND,3682049
NSE,HUDCO-N5,7503873
NSE,IGARASHI,162305
NSE,IRISDOREME-SM,1492481
NSE,IREDA-N1,351745
NSE,IGPL,3606017
NSE,INDOWIND,3827713
NSE,69GS2019-GS,1786625
NSE,824GS2027-GS,1762305
NSE,AARVI-SM,5592833
NSE,ADSL,3792129
NSE,ALKALI,4341505
NSE,APLAPOLLO,6599681
NSE,ASHOKLEY,54273
NSE,AVANTIFEED,2031617
NSE,BARTRONICS,3368705
NSE,BHARATGEAR,109057
NSE,BOHRA-SM,5207041
NSE,CANDC,3666945
NSE,CIGNITITEC,1316353
NSE,CPSEETF,595969
NSE,DCMFINSERV,1222401
NSE,DHFL-NQ,855809
NSE,DRSDILIP-SM,1711617
NSE,ECLFINANCE-NN,2038017
NSE,EMAMIREAL,4934913
NSE,EUROTEXIND,255745
NSE,GAEL,2259969
NSE,GICRE,70913
NSE,GOENKA-BZ,1282561
NSE,GSFC,319233
NSE,HDFCMFGETF,5003009
NSE,HINDPETRO,359937
NSE,HUDCO-N9,5102081
NSE,IBULHSGFIN-N8,4767745
NSE,ICICI1000-NB,2340097
NSE,IDFCBANK-N2,2762241
NSE,IGL,2883073
NSE,IREDA-N7,5127681
NSE,ITC,424961
NSE,JETKNIT-SM,4786945
NSE,JSLHISAR,3149825
NSE,KCPSUGIND,1231105
NSE,KOTAKBANK,492033
NSE,LINDEINDIA,416513
NSE,MAHLOG,98561
NSE,MANUGRAPH,3474433
NSE,MERCATOR,3040257
NSE,MOIL,5332481
NSE,NAGAROIL,8009217
NSE,NESCO,3944705
NSE,NHBTF2023-N3,450049
NSE,NLCINDIA,2197761
NSE,ORCHIDPHAR-BZ,297217
NSE,PARAGMILK,4385281
NSE,PFC-N8,5127169
NSE,REGENCERAM-BE,2317057
NSE,RICOAUTO,744705
NSE,SAIL,758529
NSE,SBIETFQLTY,1847809
NSE,SGBDEC25XI-GB,186625
NSE,SHALPAINTS,3927553
NSE,SIL-BE,2892289
NSE,SOFTTECH-SM,749057
NSE,SREIBNPNCD-NC,4990465
NSE,SREINFRA-NS,900353
NSE,SRTRANSFIN-YH,76289
NSE,SUBROS,850945
NSE,SUVEN,2875649
NSE,TATAGLOBAL,878593
NSE,TEXINFRA,2956545
NSE,TITAN,897537
NSE,TVVISION,4737025
NSE,USHAMART,2263041
NSE,VINATIORGA,4445185
NSE,WEBELSOLAR,3738113
NSE,ZENTEC,1922049
NSE,IIFCL-N1,5133313
NSE,ZODJRDMKJ,978945
NSE,WIPRO,969473
NSE,WEALTH-SM,4001793
NSE,VASA-SM,326145
NSE,UFLEX,269569
NSE,TREJHARA,1924609
NSE,TCFSL-NF,1294849
NSE,PSL,705281
NSE,TANLA,3577857
NSE,SUNDARMFIN,854785
NSE,SRTRANSFIN-YN,485633
NSE,SREINFRA-YL,518913
NSE,SREIBNPNCD-NQ,5510401
NSE,SPAL,4672513
NSE,SKIPPER,2413569
NSE,SHREYANIND,800257
NSE,SGBOCT25-GB,64001
NSE,SELMCL-BE,3811329
NSE,SANGHIIND,767233
NSE,RSWM,715265
NSE,REPRO,3360257
NSE,RECLTD-N4,7581185
NSE,RAIN,3926273
NSE,PREMEXPLN,4453633
NSE,PIONEEREMB,3446529
NSE,PEARLPOLY,668161
NSE,ORISSAMINE,5102337
NSE,NIPPOBATRY,1736193
NSE,NHAI-NE,3719425
NSE,NCLIND,3709441
NSE,MUNJALSHOW,590593
NSE,MMP-SM,677633
NSE,MBECL-BE,3503873
NSE,MANAPPURAM-NM,1460737
NSE,MAGMA,2919169
NSE,LFIC-BE,2026497
NSE,KRITIKA-SM,1423873
NSE,KIOCL,4896257
NSE,KAMDHENU,3444993
NSE,JKPAPER,3036161
NSE,IVRCLINFRA,1937665
NSE,IRFC-N9,152833
NSE,INNOVATIVE-SM,5596417
NSE,IITL,4998401
NSE,IEX,56321
NSE,ICICIMCAP,4531713
NSE,ICICI0101-NC,2489089
NSE,IBUCCREDIT-N8,1257473
NSE,HNGSNGBEES,4680705
NSE,HEXAWARE,2747905
NSE,HARRMALAYA,336129
NSE,GPPL,5051137
NSE,GLOBAL-SM,5052929
NSE,GATI,3504129
NSE,FELDVR,4352513
NSE,ERFLNCDI-N1,566529
NSE,EDUCOMP-BZ,5567233
NSE,E2E-SM,765441
NSE,DHFL-N5,4681729
NSE,DANGEE-SM,1167105
NSE,CONTROLPR,4474113
NSE,CGCL,5204225
NSE,BLUEBLENDS-O1,2594561
NSE,BHAGERIA,3430401
NSE,BANCOINDIA,3553281
NSE,ATLASCYCLE-BE,2027777
NSE,ARMANFIN,4419329
NSE,AMJUMBO-SM,346369
NSE,AIROLAM-SM,5600001
NSE,ACE,3478273
NSE,833GS2036-GS,1762049
NSE,75GS2034-GS,1759489
NSE,3IINFOTECH,3014145
NSE,HUDCO-N7,7590401
NSE,ICICI0801-NA,2680833
NSE,IDFCBANK-N3,2797825
NSE,ICICI0901-NB,2688513
NSE,HUDCO-N8,5101569
NSE,IBULHSGFIN-NA,4768769
NSE,HUDCO-NB,5110785
NSE,ELECTCAST,237569
NSE,GODREJIND,2796801
NSE,HCL-INSYS,339713
NSE,HINDNATGLS,4363777
NSE,HCLTECH,1850625
NSE,GODREJPROP,4576001
NSE,GSPL,3378433
NSE,GOKUL-BE,4277505
NSE,ELECTCAST-W1,4637697
NSE,FOURTHDIM-SM,3113473
NSE,GICL-SM,4816641
NSE,FSL,3661825
NSE,ELGIRUBCO,6380545
NSE,EVERESTIND,254209
NSE,617GS2023-GS,1758721
NSE,679GS2027-GS,1843713
NSE,AAKASH-SM,730113
NSE,ABCAPITAL,5533185
NSE,AGLSL,5459201
NSE,APOLSINHOT-BE,1614849
NSE,ASSAMCO,63489
NSE,AYMSYNTEX,2632961
NSE,BASML,3080705
NSE,BHARATRAS,981505
NSE,BRFL,3344897
NSE,CASTROLIND,320001
NSE,CKPLEISURE-SM,406273
NSE,CROMPTON,4376065
NSE,DENABANK,1187329
NSE,EMAMILTD,3460353
NSE,AARTIIND,1793
NSE,BOMDYEING,131329
NSE,DEEPIND,4670465
NSE,DOLPHINOFF,3501569
NSE,ECLFINANCE-NH,1095681
NSE,DONEAR,3542785
NSE,DELTACORP,3851265
NSE,DHFL-NL,4732673
NSE,CINELINE,6953217
NSE,BPL,135681
NSE,AARVEEDEN,3525377
NSE,ASIANPAINT,60417
NSE,BANSWRAS,3714817
NSE,ASPINWALL,4421121
NSE,ABAN,2561
NSE,ALKYLAMINE,1148673
NSE,ABB,3329
NSE,AVONMPL-SM,1062913
NSE,668GS2031-GS,1844481
NSE,817GS2044-GS,1821441
NSE,83GS2042-GS,1800705
NSE,8KMILES,2830849
NSE,3RDROCK-IT,1438977
NSE,AVADHSUGAR,5479937
NSE,AUSOMENT,1033473
NSE,ADANIPORTS,3861249
NSE,768GS2023-GS,1822977
NSE,ADANIGREEN,912129
NSE,AURDIS-SM,4803073
NSE,ANDHRABANK,2524673
NSE,ATUL,67329
NSE,UTTAMSUGAR,3424257
NSE,LOTUSEYE,4302593
NSE,DHFL-ND,4686337
NSE,CAPACITE,5567745
NSE,BHAGYANGR,5318657
NSE,CANBK,2763265
NSE,DHFL-NC,4685825
NSE,COUNCODOS,4348417
NSE,DHFL-N6,4682241
NSE,GRETEX-SM,4797697
NSE,EROSMEDIA,5140481
NSE,ECLERX,3885825
NSE,ERFLNCDI-N4,574977
NSE,GRASIM,315393
NSE,GAYAHWS,945409
NSE,LOKESHMACH,3439617
NSE,INDIGRID-IV,5372929
NSE,IBULHSGFIN-N1,4764161
NSE,HIKAL,2475009
NSE,IBUCCREDIT-N9,1257985
NSE,INDIAGLYCO,389377
NSE,ICICINIFTY,7565569
NSE,INDHOTEL,387073
NSE,LICNETFSEN,2928897
NSE,JNPT-N1,7589377
NSE,IRFC-NA,154369
NSE,JMFINANCIL,3491073
NSE,LICNETFN50,2897665
NSE,KIRLOSIND,4870401
NSE,LIBAS-SM,4955905
NSE,UTINEXT50,5498369
NSE,RHFL-N8,4952833
NSE,NOCIL,625153
NSE,MOLDTKPAC,1718529
NSE,MMTC,4596993
NSE,NDTV,2925313
NSE,NITESHEST,4815105
NSE,RHFL-N4,4950785
NSE,PNB,2730497
NSE,ORTEL,1849345
NSE,PLASTIBLEN,3563521
NSE,RHFL-N1,4949249
NSE,RAJMET-SM,1375745
NSE,RESPONIND,5202689
NSE,SREINFRA-NI,84225
NSE,SGL,3421953
NSE,SANGHVIFOR,6098945
NSE,SGBOCT26-GB,1525761
NSE,SREINFRA-NH,83201
NSE,SKSTEXTILE-SM,287489
NSE,SREIBNPNCD-NW,5513473
NSE,UNIVASTU-SM,5472257
NSE,TASTYBITE,5143553
NSE,SSINFRA-SM,687617
NSE,TARACHAND-SM,541953
NSE,UNITEDPOLY-SM,4406529
NSE,TIINDIA,79873
NSE,UNITEDBNK,4679169
NSE,HSIL,361473
NSE,DHUNINV,5691649
NSE,OFSS,2748929
NSE,SRF,837889
NSE,VETO,2214913
NSE,WELENT,2976257
NSE,VIMTALABS,3353857
NSE,VERTOZ-SM,128001
NSE,ZENITHEXPO,1069057
NSE,VIDEOIND-BZ,1171457
NSE,ZENITHBIR-BE,3728897
NSE,VIJIFIN,4528897
NSE,SRPL-SM,318465
NSE,TDPOWERSYS,6445569
NSE,TVSMOTOR,2170625
NSE,TECHM,3465729
NSE,SRTRANSFIN-Y3,7928833
NSE,SUREVIN-SM,5501953
NSE,SRTRANSFIN-YB,1109505
NSE,SREIBNPNCD-N7,2327041
NSE,SICAL,1630209
NSE,RUPA,6585345
NSE,SFL,4911105
NSE,SADBHIN,2718209
NSE,OMFURN-SM,29953
NSE,PROLIFE-SM,4954113
NSE,PSB,5376257
NSE,ONGC,633601
NSE,PFC-N5,5125633
NSE,OPAL-SM,7615233
NSE,DIGJAMLTD,4535297
NSE,INVENTURE,6366721
NSE,MADRASFERT,1257217
NSE,MUTHOOTCAP,2666241
NSE,NHBTF2014-N6,8184321
NSE,N100,5821185
NSE,MAGNUM,3828993
NSE,MEGASOFT-BE,3788033
NSE,IOLCP,5225729
NSE,KARDA,602625
NSE,L&TFINANCE-N4,4462849
NSE,IREDA-N3,354049
NSE,DIXON,5552641
NSE,BLKASHYAP,3402241
NSE,CARERATING,7452929
NSE,CROWN-SM,4760577
NSE,DELTAMAGNT,310785
NSE,EHFLNCD-N1,4569601
NSE,FACT,258049
NSE,FLEXITUFF,6531073
NSE,GMRINFRA,3463169
NSE,IBULHSGFIN,7712001
NSE,IBULHSGFIN-N3,4765185
NSE,ICRA,3717889
NSE,IL&FSENGG-BE,3846657
NSE,IRFC-NE,511745
NSE,SOBHA,3539457
NSE,KSHITIJPOL-SM,1367297
NSE,MBLINFRA,4615425
NSE,MMFL,3544065
NSE,NHPC-N3,8059905
NSE,ORIENTREF,7977729
NSE,PHILIPCARB,678145
NSE,RECLTD,3930881
NSE,RSYSTEMS,3433985
NSE,SGBNOV24-GB,4915969
NSE,SREINFRA-YM,520449
NSE,SUPPETRO,860161
NSE,TCFSL-N7,420097
NSE,TORNTPOWER,3529217
NSE,HAVELLS,2513665
NSE,ICICI0401-NC,2576897
NSE,XCHANGING,2996481
NSE,IFCI-NK,1700609
NSE,TNPL,1018881
NSE,TIMESGTY,2743553
NSE,TATAMOTORS,884737
NSE,SUBEX,2867969
NSE,SREINFRA-NU,902913
NSE,SIKKO-SM,5252097
NSE,SGBDEC2513-GB,220673
NSE,SARLAPOLY,3595009
NSE,RJL,3873025
NSE,RAMASTEEL,2636801
NSE,POWERMECH,2681089
NSE,NRBBEARING,1933569
NSE,NBCC,8042241
NSE,MONSANTO,1857793
NSE,LTTS,4752385
NSE,KAJARIACER,462849
NSE,JAGRAN,3382017
NSE,INDUSINDBK,1346049
NSE,IDBI,377857
NSE,IBULHSGFIN-W1,7713793
NSE,HIRECT,3555841
NSE,GUJRAFFIA-BE,2584833
NSE,GIRIRAJ-SM,605441
NSE,FINPIPE,266497
NSE,ESSDEE,3559681
NSE,COX&KINGS,4558337
NSE,COMPUSOFT,7971329
NSE,CARBORUNIV,152321
NSE,BHARATIDIL-BZ,1524481
NSE,BAJAJCORP,4999937
NSE,ANSALHSG,3500289
NSE,AGCNET,879361
NSE,835GS2022-GS,1749505
NSE,ICICI0701-NB,2669057
NSE,HCG,3982081
NSE,HUDCO-N6,7589889
NSE,HDFC,340481
NSE,DOLLAR,5263361
NSE,FORTIS,3735553
NSE,FRETAIL,4704769
NSE,DPABHUSHAN-SM,59137
NSE,ELECTHERM,1144065
NSE,5PAISA,113921
NSE,759GS2029-GS,1825281
NSE,ACCELYA,1805569
NSE,ALBK,2760193
NSE,ARVIND,49409
NSE,BALRAMCHIN,87297
NSE,BLUEBLENDS-O4,2595329
NSE,CLNINDIA,183041
NSE,DCM,206081
NSE,DIAPOWER-BZ,1221633
NSE,FINCABLES,265729
NSE,GLFL-BE,2153473
NSE,HARITASEAT,4365313
NSE,HUDCO-NE,5112321
NSE,ICICILOVOL,5441025
NSE,INSECTICID,3752193
NSE,JAMNAAUTO,5319169
NSE,KAPSTON-SM,632321
NSE,KSCL,3832833
NSE,LUXIND,2893057
NSE,MCL-SM,5019393
NSE,NATCOPHARM,1003009
NSE,NHBTF2023-N6,451841
NSE,OISL,4310785
NSE,PENTAGOLD-SM,722433
NSE,PRIMESECU,3037185
NSE,RECLTD-N5,7931393
NSE,RHFL,5563649
NSE,SIIL-SM,1934081
NSE,SQSBFSI,4476417
NSE,SREINFRA-YK,518401
NSE,SUNDARMHLD,558849
NSE,THEMISMED,3708161
NSE,TREEHOUSE,6420993
NSE,UNICHEMLAB,916225
NSE,WINDMACHIN,6392065
NSE,DREDGECORP,2885377
NSE,WHIRLPOOL,4610817
NSE,VIPCLOTHNG,3799809
NSE,TRF,4604673
NSE,THIRUSUGAR,890369
NSE,SWARAJENG,866305
NSE,STARCEMENT,5399297
NSE,SHILPAMED,4544513
NSE,SGBJUL25-GB,5498113
NSE,SALORAINTL,761857
NSE,RHFL-N3,4950273
NSE,RAJSREESUG,719105
NSE,PKTEA-BE,2641409
NSE,PANACEABIO,1038081
NSE,NTPC-NA,2750465
NSE,NESTLEIND,4598529
NSE,MEGH,3776001
NSE,MAHSCOOTER,533761
NSE,LICNETFGSC,1551873
NSE,KESARENT,3570177
NSE,JMA,1819905
NSE,IRFC-NM,3868673
NSE,INDSWFTLTD,2970113
NSE,ICICI500,768257
NSE,HUDCO-NA,5110273
NSE,HECPROJECT-SM,3956993
NSE,GRPLTD,1675009
NSE,GDL,3004161
NSE,ESCORTS,245249
NSE,ECLFINANCE-NK,1098753
NSE,BLUEDART,126721
NSE,BHALCHANDR-IT,2556161
NSE,AXISNIFTY,5440513
NSE,APOLLOTYRE,41729
NSE,ABMINTLTD,4415745
NSE,832GS2032-GS,1766145
NSE,728GS2019-GS,1801217
NSE,HONAUT,874753
NSE,605GS2019-GS,1758465
NSE,BANARBEADS,88833
NSE,CESC,160769
NSE,DCAL,5556225
NSE,DHFL-NB,4685313
NSE,CHAMBLFERT,163073
NSE,BANDHANBNK,579329
NSE,BLUECOAST-BE,2189313
NSE,BANKINDIA,1214721
NSE,63GS2023-GS,1757953
NSE,ADANIGAS,1552897
NSE,AKZOINDIA,375553
NSE,ARTNIRMAN-SM,4811777
NSE,BALMLAWRIE,86529
NSE,CANFINHOME,149249
NSE,CIPLA,177665
NSE,DCMSHRIRAM,207617
NSE,DLF,3771393
NSE,EHFLNCD-N5,4573185
NSE,FLFL,7872513
NSE,GMBREW,299009
NSE,HAL,589569
NSE,HITECHCORP,3881217
NSE,ICICI0402-NB,2743041
NSE,IFCI-NE,1472001
NSE,INTEGRA-BE,7763713
NSE,IVZINNIFTY,6199553
NSE,KAMATHOTEL,467457
NSE,KRBL,2707713
NSE,LYPSAGEMS,8055809
NSE,MFSL,548353
NSE,NHPC-N4,8060161
NSE,PFC-N1,5112833
NSE,PTC,2906881
NSE,RECLTD-NH,5101057
NSE,RUSHIL,6296321
NSE,SETCO,4483585
NSE,SILVERTUC-SM,141057
NSE,SREIBNPNCD-ND,4990977
NSE,SRTRANSFIN-Y6,7929601
NSE,SUPRAJIT,2992385
NSE,TTML,2292225
NSE,VGUARD,3932673
NSE,WONDERLA,768513
NSE,XPROINDIA,2920193
NSE,VICEROY-BE,3816193
NSE,USHERAGRO-BE,4937473
NSE,TERASOFT,4938753
NSE,TATAELXSI,873217
NSE,STEL,5499905
NSE,SREINFRA-NZ,4792577
NSE,SINTEX,1492737
NSE,SHAKTIPUMP,6546945
NSE,SATHAISPAT,3557121
NSE,RKDL,5363201
NSE,RCF,733697
NSE,POLYPLEX,687873
NSE,PASHUPATI-SM,5544193
NSE,NTPC-N7,1888513
NSE,NCC,593665
NSE,MKPL-SM,5250305
NSE,MANGALAM,3025153
NSE,LINCPEN,1779457
NSE,KOTAKBKETF,1497857
NSE,JPPOWER,3011329
NSE,IRFC-NJ,3009025
NSE,INDNIPPON,1215233
NSE,IDFCBANK-N7,2766849
NSE,IBUCCREDIT-ND,1265153
NSE,HIMACHLFUT-O2,2595841
NSE,ESSELPACK,251137
NSE,ECLFINANCE-NL,1099777
NSE,DHFL-NP,4734721
NSE,DABUR,197633
NSE,CAMLINFINE,1591297
NSE,BHARATFIN,4995329
NSE,AVSL-SM,4785153
NSE,ADVANIHOTR,3774721
NSE,826GS2027-GS,1765889
NSE,1018GS2026-GS,1749249
NSE,635GS2020-GS,1757441
NSE,AKSHOPTFBR,2199297
NSE,ASAL,2722305
NSE,ALCHEM-BE,3795713
NSE,665GS2020-GS,1846529
NSE,AARTIDRUGS,1147137
NSE,679GS2029-GS,1841921
NSE,1025GS2021-GS,1745665
NSE,587GS2022-GS,1759233
NSE,613GS2028-GS,1758209
NSE,827GS2020-GS,1816577
NSE,AIAENG,3350017
NSE,ARROWTEX,4404481
NSE,ASHOKA,5166593
NSE,BEDMUTHA,5170177
NSE,BSL,143105
NSE,CREST,3558401
NSE,DHAMPURSUG,219393
NSE,DRL-SM,4804865
NSE,EKC,3351297
NSE,FIVECORE-SM,786177
NSE,GODHA-SM,757505
NSE,HBSL,1053697
NSE,HSCL,3669505
NSE,ICIL,3068673
NSE,IFGLEXPOR,111617
NSE,IRB,3920129
NSE,JAYAGROGN,1034497
NSE,KAUSHALYA,3874817
NSE,L&TINFRA-N3,5327873
NSE,MAHINDCIE,3823873
NSE,MDL-SM,545793
NSE,MVL,4289793
NSE,NHBTF2023-N7,452353
NSE,OMAXE,3802369
NSE,897GS2030-GS,1794817
NSE,717GS2028-GS,1845249
NSE,SREINFRA-YD,513281
NSE,IOC,415745
NSE,BLBLIMITED,2081793
NSE,MADHUCON,3499777
NSE,OILCOUNTUB,632833
NSE,VAKRANGEE,3415553
NSE,RPPL-SM,1214465
NSE,VENUSREM,3547905
NSE,RML,3065601
NSE,AVENTUS-IT,2669569
NSE,NTPC-N3,8131073
NSE,VARROC,987393
NSE,MAYURUNIQ,7399937
NSE,IOB,2393089
NSE,NTPC-N4,8131585
NSE,BALKRISIND,85761
NSE,DHFL-NY,864513
NSE,ECLFINANCE-NM,2036737
NSE,M&MFIN-N2,5132289
NSE,M&MFIN-N3,5132801
NSE,OCCL,3131137
NSE,DICIND,179969
NSE,BOROSIL,806145
NSE,URAVI-SM,594433
NSE,PERFECT-SM,2880001
NSE,PRESSMN,2987777
NSE,RECLTD-N8,7932929
NSE,RUCHIRA,3538177
NSE,SEQUENT,3659777
NSE,SILGO-SM,1405953
NSE,SREIBNPNCD-NF,4992001
NSE,SRTRANSFIN-Y9,1107457
NSE,SUPREMEIND,860929
NSE,TCPLPACK,47105
NSE,TVSSRICHAK,3646721
NSE,VISESHINFO-BE,1870337
NSE,3MINDIA,121345
NSE,WINSOME-BE,6411521
NSE,VISHNU,1768449
NSE,UNITEDTEA,4607745
NSE,TIMETECHNO,3764993
NSE,TATACOFFEE,185345
NSE,STEELCITY-SM,5035009
NSE,SREINFRA-NJ,84737
NSE,SMVD-SM,216833
NSE,SHEMAROO,1297409
NSE,SANGAMIND,1071105
NSE,RHFL-N2,4949761
NSE,RALLIS,720897
NSE,PNCINFRA,2402561
NSE,PALREDTEC,4367873
NSE,NITINFIRE,3758593
NSE,NECLIFE,3053313
NSE,MOTHERSUMI,1076225
NSE,MANDHANA,4832513
NSE,LICNFNHGP,3898625
NSE,KNRCON,3912449
NSE,JUBLFOOD,4632577
NSE,ISEC,637185
NSE,INDSWFTLAB,1246721
NSE,IDFCBANK-N9,2768385
NSE,HEXATRADEX-BE,6915073
NSE,GRANULES,3039233
NSE,GAYAPROJ,6405889
NSE,ESABINDIA,244481
NSE,ECLFINANCE-N5,1029633
NSE,DHFL-N4,4681217
NSE,CORALFINAC,1025793
NSE,CALSOFT,2135297
NSE,BEML,101121
NSE,AURIONPRO,3077633
NSE,ANKITMETAL-BE,7535105
NSE,HITECH,734209
NSE,BIL,2009089
NSE,82GS2025-GS,1798145
NSE,815GS2026-GS,1821185
NSE,808GS2022-GS,1764865
NSE,BHAGYAPROP,5460993
NSE,ANTGRAPHIC-BE,2120961
NSE,ADHUNIK,3416833
NSE,BGRENERGY,3888385
NSE,HINDMOTORS,5549057
NSE,ECLFINANCE-NJ,1097729
NSE,COSMOFILMS,189953
NSE,HIMATSEIDE,348161
NSE,GENUSPOWER,3047681
NSE,HGINFRA,428033
NSE,SCI,780289
NSE,MASTEK,543745
NSE,JAIBALAJI,2881537
NSE,IDFCBANK-NC,2793985
NSE,IBVENTURES,3938305
NSE,IVZINGOLD,4682753
NSE,KOTHARIPET,1176065
NSE,MANGLMCEM,539137
NSE,SCHAEFFLER,258817
NSE,PBAINFRA,3342081
NSE,SARVESHWAR-SM,460289
NSE,RAMCOCEM,523009
NSE,SARDAEN,4546049
NSE,SOMICONVEY,4555265
NSE,WHEELS,964097
NSE,SUNDARAM,4846337
NSE,SONATSOFTW,1688577
NSE,STERTOOLS,1100545
NSE,WALCHANNAG,956417
NSE,VSTTILLERS,6218753
NSE,SPIC,832513
NSE,TRIL,3884545
NSE,ZEEL,975873
NSE,TTKHLTCARE,2910465
NSE,SPLIL,3055361
NSE,SREIBNPNCD-N8,2329089
NSE,IDFCBANK-N8,2767617
NSE,NHAI-N6,49153
NSE,RANEENGINE,4288257
NSE,SCHAND,5298689
NSE,SHIVATEX,205825
NSE,RECLTD-N7,7932417
NSE,NHBTF2014-N1,8183041
NSE,PEL-D1,77313
NSE,NHBTF2023-N1,7581697
NSE,IFBAGRO,379393
NSE,KSERASERA,3497729
NSE,MCX,7982337
NSE,KSL,4835585
NSE,IFCI-NF,1472769
NSE,JAIHINDPRO-BE,7965953
NSE,IFCI-NJ,1700097
NSE,DBSTOCKBRO,7963393
NSE,GLOBE-SM,5404673
NSE,HPL,4781825
NSE,ICICI0301-NC,2565377
NSE,GMMPFAUDLR,401921
NSE,DCBBANK,3513601
NSE,EHFLNCD-N7,4574209
NSE,DEEPAKFERT,211713
NSE,ARSHIYA,4562177
NSE,ASAHISONG,6422529
NSE,ALEMBICLTD,20225
NSE,APLLTD,6483969
NSE,706GS2046-GS,1839105
NSE,ARENTERP,46337
NSE,SREINFRA-Y8,5057281
NSE,MOKSH-SM,236545
NSE,MUTHOOTFIN,6054401
NSE,CEREBRAINT,7683073
NSE,CENTEXT,2946817
NSE,AIRAN-SM,5150977
NSE,3PLAND,664321
NSE,AHIMSA-SM,2756865
NSE,CCL,2931713
NSE,BAJAJ-AUTO,4267265
NSE,CAPLIPOINT,999937
NSE,MUKANDLTD,2899201
NSE,FDC,1253889
NSE,DHFL-NX,862977
NSE,EXCELINDUS,2936577
NSE,GTNIND,322561
NSE,IBULHSGFIN-N6,4766721
NSE,KABRAEXTRU,462081
NSE,INDTERRAIN,5620993
NSE,MORARJEE,7392513
NSE,MOHOTAIND,1029889
NSE,MOTILALOFS,3826433
NSE,SHREERAMA,1952513
NSE,PRECWIRE,695553
NSE,NUCLEUS,2762497
NSE,NHAI-NC,3711745
NSE,PRAENG,3568897
NSE,SHIVAMILLS,383233
NSE,ROHLTD,3374593
NSE,SHARDACROP,1277953
NSE,TCFSL-N9,421633
NSE,SREINFRA-YA,5058305
NSE,SOTL,773377
NSE,TATASPONGE,419585
NSE,UVSL-BE,4478209
NSE,WABCOINDIA,4330241
NSE,MRO-TEK,2303489
NSE,SHOPERSTOP,3024129
NSE,TCFSL-NB,1287425
NSE,VASWANI,6487041
NSE,TCNSBRANDS,1068033
NSE,SHRIRAMCIT,3005185
NSE,SRHHYPOLTD,3732993
NSE,SIEMENS,806401
NSE,MUNJALAU,3458817
NSE,PREMIERPOL,1000449
NSE,RTNINFRA,6988033
NSE,PROSEED-BE,7423233
NSE,NABARD-N1,5128193
NSE,OMKARCHEM-BE,5507841
NSE,NAHARINDUS,3355137
NSE,SREINFRA-NK,86273
NSE,CASTEXTECH,3043329
NSE,IBULHSGFIN-NC,4769793
NSE,JSWSTEEL-P2,7820289
NSE,LTI,4561409
NSE,MARINE-SM,1433089
NSE,IBVENTURES-E2,1448193
NSE,INFRATEL,7458561
NSE,ICICI0202-NC,2727937
NSE,CEBBCO-BE,5178369
NSE,FAIRCHEM,2259201
NSE,GUJAPOLLO,3757313
NSE,FIEMIND,3509761
NSE,CENTURYTEX,160001
NSE,DIAMONDYD,5591041
NSE,BAJAJFINSV,4268801
NSE,BIOCON,2911489
NSE,BROOKS,6434817
NSE,AJANTPHARM,2079745
NSE,597GS2025-GS,1758977
NSE,879GS2021-GS,1791745
NSE,SREIBNPNCD-NS,5511425
NSE,IIFCL-N3,5134337
NSE,DHANUKA,6248705
NSE,ASLIND-SM,5248513
NSE,AAVAS,1378561
NSE,ARIES,3892225
NSE,DBL,4630017
NSE,BHARTIARTL,2714625
NSE,CYBERTECH,1549057
NSE,IDFCBANK-ND,2794753
NSE,GKWLIMITED,4443393
NSE,ECLFINANCE-NR,2041601
NSE,GILLANDERS,4566785
NSE,IDFCBANK-N6,2766081
NSE,HINDALCO,348929
NSE,ICICIPRULI,4774913
NSE,SPYL-BE,5401345
NSE,NHBTF2023-N4,450817
NSE,KOTAKNV20,2932993
NSE,ITDC,4940545
NSE,BINDALAGRO,120577
NSE,CLEDUCATE,5177089
NSE,EQ30,4396545
NSE,FINEORG,958465
NSE,GVKPIL,3385857
NSE,ICICINF100,7780353
NSE,IRFC-NB,508673
NSE,KALYANIFRG-BE,3880961
NSE,MANAKALUCO,1899521
NSE,NANDANI-SM,4788737
NSE,NUTEK,4321537
NSE,PRAJIND,692481
NSE,RRSLGETF,4531201
NSE,SHRENIK-SM,5453057
NSE,SREINFRA-Y7,5056769
NSE,TATASTEEL-E1,487937
NSE,VSTIND,953345
NSE,VENKEYS,961793
NSE,TBZ,6921473
NSE,SREINFRA-Y5,5055745
NSE,SHANTIGEAR,787969
NSE,ROLLT,4890625
NSE,PRAXIS,308225
NSE,NTPC,2977281
NSE,MTEDUCARE,8040705
NSE,M50,4937985
NSE,KANANIIND,6601217
NSE,INTELLECT,1517057
NSE,IBULISL,6399745
NSE,HATSUN,996353
NSE,GAL,5195777
NSE,CAREERP,5142017
NSE,BALKRISHNA,2606337
NSE,AJMERA,4430593
NSE,KOHINOOR,770305
NSE,NHBTF2014-N3,8183553
NSE,MANAPPURAM-NL,1459713
NSE,NHAI-N1,7945729
NSE,SPCENET-BE,4960001
NSE,788GS2030-GS,1823233
NSE,84GS2024-GS,1816833
NSE,BBL,3522817
NSE,BIRLACORPN,122881
NSE,DBREALTY-BE,4640769
NSE,ECLFINANCE-NP,2040321
NSE,GPTINFRA,4527361
NSE,HTMEDIA,3066625
NSE,IFCI-NC,1470465
NSE,IVP,430337
NSE,KPIT,1790465
NSE,MASFIN,50945
NSE,NHBTF2014-N5,8184065
NSE,RAMANEWS,3472641
NSE,SELAN,3481089
NSE,SPENTEX-BE,3544577
NSE,SUMMITSEC,5446401
NSE,TIL,891905
NSE,ZOTA-SM,5304321
NSE,ZICOM,3428097
NSE,UJAAS,6537217
NSE,TAJGVK,2394625
NSE,RECLTD-N1,7451905
NSE,PCJEWELLER,7455745
NSE,RAMCOIND,1174273
NSE,SOLARA,940033
NSE,SANGINITA-SM,5074945
NSE,SMPL,4668929
NSE,ARVSMART,2676993
NSE,ECLFINANCE-NE,1092609
NSE,HDFCLIFE,119553
NSE,SAKUMA,3392257
NSE,VIMALOIL-BE,7651329
NSE,UNIINFO-SM,464129
NSE,VISASTEEL,3403521
NSE,SANDHAR,613633
NSE,SRTRANSFIN-YU,1580033
NSE,SCAPDVR,4353
NSE,HEROMOTOCO,345089
NSE,MAN50ETF,1626369
NSE,MANPASAND,2560513
NSE,HINDUJAVEN,3724033
NSE,ISMTLTD-BE,3823617
NSE,HISARMETAL,4946433
NSE,ECLFINANCE-N6,1030401
NSE,BEL,98049
NSE,ECEIND,3831553
NSE,GEEKAYWIRE-SM,5527553
NSE,BIGBLOC,4718337
NSE,AROGRANITE,3726593
NSE,BALAJITELE,2344449
NSE,657GS2033-GS,1841665
NSE,DMART,5097729
NSE,DISHTV,3721473
NSE,BANKBEES,2928385
NSE,DHFL-NS,858369
NSE,ASTEC,4538369
NSE,UGARSUGAR,5011969
NSE,ORIENTABRA,3356417
NSE,IRFC-NG,3002881
NSE,HDFCSENETF,2967809
NSE,INTENTECH,5138177
NSE,OMAXAUTO,2796033
NSE,MAHASTEEL,4486913
NSE,NTPC-ND,2752257
NSE,UNIVCABLES,923393
NSE,SRIRAM-SM,5374209
NSE,RPPINFRA,5314561
NSE,SREINFRA-YN,520961
NSE,UWCSL-SM,1521921
NSE,VIDHIING,3465217
NSE,VASCONEQ,4636161
NSE,AUTOIND,3611137
NSE,LT,2939649
NSE,RHFL-N6,4951809
NSE,SREINFRA-Y2,4793601
NSE,RMDRIP-SM,5584897
NSE,LUMAXTECH,3587585
NSE,NTPC-N2,8130561
NSE,MAANALU,3844353
NSE,AXISGOLD,5256193
NSE,GROBTEA,4549121
NSE,INOXLEISUR,3384577
NSE,GUJALKALI,324353
NSE,BALAMINES,3712257
NSE,DHFL-NT,859905
NSE,BALLARPUR,3937025
NSE,POWERFUL-SM,1149441
NSE,PUNJABCHEM,1112065
NSE,NEXTMEDIA-BE,2525185
NSE,NECCLTD,3461633
NSE,ORBTEXP,8057601
NSE,SREIBNPNCD-NM,5003777
NSE,PFIZER,676609
NSE,PNC,2391553
NSE,ROHITFERRO-BE,3427841
NSE,JINDALSTEL,1723649
NSE,RAMSARUP-BZ,1010689
NSE,OLECTRA,2723073
NSE,RUCHINFRA-BE,2156289
NSE,SHYAMCENT,2608129
NSE,RECLTD-NG,755969
NSE,PRICOLLTD,5025537
NSE,PAPERPROD,655873
NSE,PAEL,697089
NSE,KEERTI-SM,5492481
NSE,LYKALABS,519169
NSE,MAHLIFE,2060801
NSE,IBULHSGFIN-N2,4764673
NSE,MIC,3748865
NSE,JPASSOCIAT,2933761
NSE,GRINDWELL,3471361
NSE,MANGCHEFER,3841793
NSE,MARUTI,2815745
NSE,LPDC,4316929
NSE,CHEMFAB,716545
NSE,813GS2022-GS,1766401
NSE,SHK,2870273
NSE,KAVVERITEL,3902465
NSE,INDOTECH,3398401
NSE,DHFL-NW,862465
NSE,JSL,2876417
NSE,L&TINFRA-N4,5328385
NSE,KAYA,2630657
NSE,IRBINVIT-IV,5329153
NSE,L&TINFRA-N5,5772033
NSE,PSUBNKBEES,3848193
NSE,MAHICKRA-SM,726785
NSE,KAWIRES-IT,2537729
NSE,IRCON,1276417
NSE,JCHAC,1149697
NSE,OPTIEMUS,5496065
NSE,AHLEAST,4976129
NSE,TATACHEM,871681
NSE,STCINDIA,2802689
NSE,SVLL-SM,835073
NSE,SGBNOV23-GB,4415489
NSE,SUMIT-SM,1186305
NSE,MINDACORP,6629633
NSE,TIIL,3641089
NSE,GRAPHITE,151553
NSE,SINTERCOM-SM,359681
NSE,PATINTLOG,3896065
NSE,TECHNOE,1649921
NSE,PDSMFL,1347585
NSE,83GS2040-GS,1787137
NSE,761GS2030-GS,1828353
NSE,NATNLSTEEL,609025
NSE,IBUCCREDIT-N3,1248001
NSE,JAYNECOIND-BE,2268417
NSE,PUSHPREALM-SM,5438721
NSE,PGHH,648961
NSE,MODIRUBBER-BE,1775105
NSE,EHFLNCD-N3,4572161
NSE,BLUESTARCO,2127617
NSE,ICICI-UZ,2611201
NSE,IBUCCREDIT-N7,1256705
NSE,ALMONDZ,4280065
NSE,IFCI-ND,1470977
NSE,ERFLNCDI-N5,576513
NSE,ECLFINANCE-NG,1094657
NSE,CINEVISTA,2054145
NSE,IFBIND,380161
NSE,BSE,5013761
NSE,CELESTIAL,3784449
NSE,ADANITRANS,2615553
NSE,MIDHANI,630529
NSE,RAJVIR-BE,3070977
NSE,SIMPLEXINF,809473
NSE,SMSLIFE,5517057
NSE,IDFNIFTYET,4808449
NSE,MPSLTD,2707969
NSE,SUZLON,3076609
NSE,PIRPHYTO-BE,4274945
NSE,TEAMLEASE,3255297
NSE,SGBNOV25-GB,117249
NSE,IBULHSGFIN-NF,4771329
NSE,CADILAHC,2029825
NSE,NITIRAJ-SM,5073153
NSE,SPICEMOBI,4270849
NSE,KOTAKGOLD,3803649
NSE,SETFNN50,1882369
NSE,DHFL-NU,861441
NSE,CREATIVE-SM,5237761
NSE,NATIONALUM,1629185
NSE,CHROMATIC,6937857
NSE,JVLAGRO-BZ,4756225
NSE,EMKAYTOOLS-SM,2624769
NSE,EXCELCROP,2935553
NSE,GOLDBEES,3693569
NSE,HDIL,3789569
NSE,ICICI1200-NA,2456321
NSE,DPWIRES-SM,5594625
NSE,IDFCBANK-N4,2764545
NSE,PARSVNATH,3530497
NSE,PGIL,3650561
NSE,JISLDVREQS,6575105
NSE,NHAI-N4,46081
NSE,HUSYSLTD-SM,4758785
NSE,DEN,4536833
NSE,ORICONENT,2600705
NSE,NSIL,2877185
NSE,IREDA-N6,356609
NSE,INDOCO,2989313
NSE,POLYMED,6583809
NSE,KERNEX-BE,3360001
NSE,NATHBIOGEN,2832641
NSE,MASKINVEST-BE,4795137
NSE,IIFL,3023105
NSE,GRUH,2957569
NSE,GINNIFILA,292353
NSE,IBULHSGFIN-NE,4770817
NSE,MRF,582913
NSE,JSWHL,3041281
NSE,DHFL-NK,4732161
NSE,ARCHIES,1456129
NSE,BSHSL-SM,713473
NSE,BAJAJHIND,78849
NSE,GULFOILLUB,1124097
NSE,KOTAKNIFTY,4634113
NSE,EON,6947073
NSE,APCOTEXIND,39425
NSE,ANIKINDS,4264193
NSE,KOTHARIPRO,1415169
NSE,UCALFUEL,913921
NSE,DHFL-NN,4733697
NSE,ALLCARGO,3456257
NSE,JKIL,3908097
NSE,GODREJCP,2585345
NSE,SOMANYCERA,993281
NSE,NH,3031041
NSE,TIRUMALCHM,894977
NSE,SUNTECK,4516097
NSE,TNTELE-BE,2530305
